Banglish,Bangla
ami,আমি
amr,আমার
amar,আমার
amader,আমাদের
amdr,আমাদের
amake,আমাকে
amk,আমাকে
amay,আমায়
amy,আমায়
tumi,তুমি
tmi,তুমি
tomar,তোমার
tmr,তোমার
tomader,তোমাদের
tmdr,তোমাদের
tomake,তোমাকে
tmk,তোমাকে
tomay,তোমায়
tmy,তোমায়
tui,তুই
tor,তোর
toke,তোকে
toder,তোদের
tdr,তোদের
apni,আপনি
apnr,আপনার
apnar,আপনার
apnader,আপনাদের
apndr,আপনাদের
apnake,আপনাকে
apnk,আপনাকে
she,সে
se,সে
tar,তার
take,তাকে
tader,তাদের
tini,তিনি
ora,ওরা
oder,ওদের
odr,ওদের
oke,ওকে
era,এরা
eder,এদের
edr,এদের
eke,একে
ke,কে
kara,কারা
kader,কাদের
kdr,কাদের
kake,কাকে
shobai,সবাই
sobai,সবাই
sbai,সবাই
shokol,সকল
sokol,সকল
manush,মানুষ
lok,লোক
loke,লোকে
bondhu,বন্ধু
bndhu,বন্ধু
dost,দোস্ত
bhai,ভাই
vai,ভাই
bhaiya,ভাইয়া
vaia,ভাইয়া
vaya,ভাইয়া
apu,আপু
apa,আপা
bon,বোন
ma,মা
maa,মা
ammu,আম্মু
baba,বাবা
abbu,আব্বু
chele,ছেলে
chle,ছেলে
meye,মেয়ে
mye,মেয়ে
name,নাম
nam,নাম
khalid,খালিদ
antora,অন্তরা
moumita,মৌমিতা
setu,সেতু
valo,ভালো
bhalo,ভালো
vlo,ভালো
bhlo,ভালো
valobashi,ভালোবাসি
valobasi,ভালোবাসি
bhalobashi,ভালোবাসি
bhalobasi,ভালোবাসি
valobasha,ভালোবাসা
bhalobasha,ভালোবাসা
vlobasa,ভালোবাসা
vlobasha,ভালোবাসা
kharap,খারাপ
khrp,খারাপ
nosto,নষ্ট
nsto,নষ্ট
shundor,সুন্দর
sundor,সুন্দর
sndr,সুন্দর
sundar,সুন্দর
shondor,সুন্দর
sondor,সুন্দর
dhanyabad,ধন্যবাদ
dhonnobad,ধন্যবাদ
dhonno,ধন্য
dhnobad,ধন্যবাদ
thx,ধন্যবাদ
thanks,ধন্যবাদ
shagotom,স্বাগতম
sagotom,স্বাগতম
shuvo,শুভ
subho,শুভ
shokal,সকাল
sokal,সকাল
dupur,দুপুর
bikal,বিকাল
shondha,সন্ধ্যা
sondha,সন্ধ্যা
rat,রাত
raat,রাত
shuvoratri,শুভরাত্রি
ki,কি
kire,কিরে
kina,কিনা
kna,কিনা
kemon,কেমন
kemn,কেমন
kmn,কেমন
kemne,কেমনে
kmne,কেমনে
keno,কেন
kno,কেন
kn,কেন
kothay,কোথায়
kothy,কোথায়
kthay,কোথায়
kothai,কোথায়
kokhon,কখন
kkhn,কখন
koto,কত
kto,কত
kototuku,কতটুকু
kottuku,কতটুকু
kon,কোন
konta,কোনটা
konti,কোনটি
kibhabe,কিভাবে
kivabe,কিভাবে
kivb,কিভাবে
kirokom,কিরকম
kirokm,কিরকম
krkm,কিরকম
kisher,কিসের
kiser,কিসের
kora,করা
kra,করা
kore,করে
kre,করে
kori,করি
kri,করি
koro,করো
kro,করো
koren,করেন
krn,করেন
korchi,করছি
krchi,করছি
korsi,করছি
krsi,করছি
korcho,করছো
krcho,করছো
korso,করছো
krso,করছো
korche,করছে
krche,করছে
korse,করছে
krse,করছে
korchen,করছেন
korsen,করছেন
korbo,করব
krbo,করব
korbe,করবে
krbe,করবে
korba,করবা
krba,করবা
korben,করবেন
krben,করবেন
korlam,করলাম
krlm,করলাম
korle,করলে
krle,করলে
korlo,করলো
krlo,করলো
korte,করতে
krte,করতে
howa,হওয়া
hawa,হওয়া
hwa,হওয়া
hobe,হবে
hbe,হবে
hobo,হব
hbo,হব
hocche,হচ্ছে
hcche,হচ্ছে
hocce,হচ্ছে
hosse,হচ্ছে
hye,হয়ে
haye,হয়ে
hoye,হয়ে
hoise,হয়েছে
hoyse,হয়েছে
hse,হয়েছে
hoice,হয়েছে
hoyeche,হয়েছে
holo,হলো
hlo,হলো
hoto,হতো
hto,হতো
hole,হলে
hle,হলে
hoyni,হয়নি
hyni,হয়নি
honi,হয়নি
bola,বলা
bla,বলা
boli,বলি
bli,বলি
bolo,বলো
blo,বলো
bole,বলে
ble,বলে
bolen,বলেন
blen,বলেন
bolchi,বলছি
blchi,বলছি
bolsi,বলছি
blsi,বলছি
bolcho,বলছো
bolso,বলছো
bolche,বলছে
bolse,বলছে
bolbo,বলব
blbo,বলব
bolbe,বলবে
blbe,বলবে
bolba,বলবা
blba,বলবা
bolben,বলবেন
bollam,বললাম
bllm,বললাম
bolle,বললে
blle,বললে
bollo,বললো
bllo,বললো
bolte,বলতে
blte,বলতে
jawa,যাওয়া
jaoa,যাওয়া
jai,যাই
jao,যাও
jay,যায়
jan,যান
jacchi,যাচ্ছি
jacci,যাচ্ছি
jassi,যাচ্ছি
jaccho,যাচ্ছো
jacche,যাচ্ছে
jasse,যাচ্ছে
jabo,যাব
jbo,যাব
jabe,যাবে
jbe,যাবে
jaba,যাবা
jaben,যাবেন
gelam,গেলাম
glm,গেলাম
gele,গেলে
gle,গেলে
gelo,গেল
glo,গেল
geche,গেছে
gese,গেছে
gechi,গেছি
gesi,গেছি
gecho,গেছো
geso,গেছো
jete,যেতে
jte,যেতে
asha,আসা
asa,আসা
ashi,আসি
asi,আসি
asho,আসো
aso,আসো
ashe,আসে
ase,আসে
ashen,আসেন
asen,আসেন
ashchi,আসছি
asci,আসছি
ashsi,আসছি
assi,আসছি
ashbo,আসব
asbo,আসব
ashbe,আসবে
asbe,আসবে
ashba,আসবা
asba,আসবা
ashlam,আসলাম
aslam,আসলাম
ashle,আসলে
asle,আসলে
ashlo,আসলো
aslo,আসলো
eshechi,এসেছি
esechi,এসেছি
esesi,এসেছি
esheche,এসেছে
eseche,এসেছে
esese,এসেছে
ashte,আসতে
aste,আসতে
thaka,থাকা
thka,থাকা
thaki,থাকি
thki,থাকি
thako,থাকো
thko,থাকো
thake,থাকে
thke,থাকে
thaken,থাকেন
thakbo,থাকব
thkbo,থাকব
thakbe,থাকবে
thkbe,থাকবে
thakba,থাকবা
thkba,থাকবা
thaklam,থাকলাম
thakle,থাকলে
thaklo,থাকলো
thakte,থাকতে
achi,আছি
acho,আছো
ache,আছে
achen,আছেন
chilam,ছিলাম
chlm,ছিলাম
chile,ছিলে
chilo,ছিল
chlo,ছিল
chilen,ছিলেন
nei,নেই
nai,নাই
dekha,দেখা
dkha,দেখা
dekhi,দেখি
dkhi,দেখি
dekho,দেখো
dkho,দেখো
dkh,দেখ
dekhe,দেখে
dkhe,দেখে
dekhen,দেখেন
dekhchi,দেখছি
dekhsi,দেখছি
dekhcho,দেখছো
dekhso,দেখছো
dekhche,দেখছে
dekhse,দেখছে
dekhbo,দেখব
dkhbo,দেখব
dekhbe,দেখবে
dkhbe,দেখবে
dekhba,দেখবা
dekhlam,দেখলাম
dekhle,দেখলে
dekhlo,দেখলো
dekhte,দেখতে
jana,জানা
jna,জানা
jani,জানি
jni,জানি
jano,জানো
jno,জানো
jane,জানে
janbo,জানব
janbe,জানবে
janlam,জানলাম
janle,জানলে
shona,শোনা
sona,শোনা
shuni,শুনি
suni,শুনি
shuno,শুনো
suno,শুনো
shune,শুনে
sune,শুনে
shunbo,শুনব
sunbo,শুনব
shunlam,শুনলাম
sunlam,শুনলাম
shunte,শুনতে
sunte,শুনতে
khawa,খাওয়া
khai,খাই
khao,খাও
khay,খায়
khan,খান
khabo,খাব
khabe,খাবে
kheyechi,খেয়েছি
kheyesi,খেয়েছি
khelam,খেলাম
khele,খেলে
khelo,খেলো
khete,খেতে
pawa,পাওয়া
pai,পাই
pao,পাও
pay,পায়
pabo,পাব
pabe,পাবে
pelam,পেলাম
pele,পেলে
pelo,পেল
peyechi,পেয়েছি
pete,পেতে
dewa,দেওয়া
di,দি
dao,দাও
day,দেয়
den,দেন
dibo,দিব
dbo,দিব
debo,দেব
dibe,দিবে
dbe,দিবে
debe,দেবে
dilam,দিলাম
dlm,দিলাম
dile,দিলে
dle,দিলে
dilo,দিল
dlo,দিল
diyechi,দিয়েছি
disi,দিয়েছি
dite,দিতে
dte,দিতে
newa,নেওয়া
neya,নেওয়া
ni,নি
nao,নাও
nay,নেয়
nebo,নেব
nibo,নিব
nebe,নেবে
nibe,নিবে
nilam,নিলাম
nile,নিলে
nilo,নিল
nite,নিতে
bujha,বুঝা
buja,বুঝা
bujhi,বুঝি
buji,বুঝি
bujho,বুঝ
bujo,বুঝ
bujhe,বুঝে
buje,বুঝে
bujhlam,বুঝলাম
bujlam,বুঝলাম
bujhte,বুঝতে
bujte,বুঝতে
bujhbo,বুঝব
bujbo,বুঝব
chawa,চাওয়া
cawa,চাওয়া
chai,চাই
ci,চাই
chao,চাও
chay,চায়
chabo,চাব
chaile,চাইলে
chailam,চাইলাম
chailo,চাইলো
chaite,চাইতে
bhaba,ভাবা
vaba,ভাবা
bhabi,ভাবি
vabi,ভাবি
bhabo,ভাবো
vabo,ভাবো
bhabe,ভাবে
vabe,ভাবে
bhabchi,ভাবছি
vabchi,ভাবছি
bhabsi,ভাবছি
vabsi,ভাবছি
bhabbo,ভাবব
vabbo,ভাবব
bhabte,ভাবতে
vabte,ভাবতে
rakha,রাখা
rkha,রাখা
rakhi,রাখি
rakho,রাখো
rakhe,রাখে
rakhbo,রাখব
rakhlam,রাখলাম
rakhle,রাখলে
shuru,শুরু
suru,শুরু
shesh,শেষ
shes,শেষ
onek,অনেক
onk,অনেক
onkk,অনেক
beshi,বেশি
besi,বেশি
bsi,বেশি
khub,খুব
kb,খুব
kom,কম
km,কম
ektu,একটু
e2,একটু
ek2,একটু
alpo,অল্প
olpo,অল্প
notun,নতুন
ntun,নতুন
puraton,পুরাতন
purano,পুরোনো
boro,বড়
bro,বড়
choto,ছোট
chuto,ছোট
chto,ছোট
shothik,সঠিক
sothik,সঠিক
thik,ঠিক
thk,ঠিক
tk,ঠিক
vul,ভুল
bhul,ভুল
shohoj,সহজ
sohoj,সহজ
shoj,সহজ
kothin,কঠিন
kthin,কঠিন
druto,দ্রুত
taratari,তাড়াতাড়ি
tratari,তাড়াতাড়ি
shob,সব
sob,সব
sb,সব
shobkisu,সবকিছু
sobkisu,সবকিছু
sobkichu,সবকিছু
sbkisu,সবকিছু
kisu,কিছু
kichu,কিছু
kch,কিছু
ebong,এবং
abong,এবং
ebng,এবং
ar,আর
aar,আর
o,ও
ba,বা
othoba,অথবা
kintu,কিন্তু
kntu,কিন্তু
tobu,তবু
tobuo,তবুও
tbu,তবু
tbuo,তবুও
karon,কারণ
tai,তাই
tahole,তাহলে
thle,তাহলে
taile,তাহলে
jodi,যদি
jdi,যদি
tobe,তবে
tbe,তবে
na,না
nah,না
naa,না
hnya,হ্যাঁ
hya,হ্যাঁ
ha,হ্যাঁ
hae,হ্যাঁ
ji,জি
jee,জি
hmm,হুম
hum,হুম
shotti,সত্যি
sotti,সত্যি
sotyi,সত্যি
asole,আসলে
asl,আসলে
ashole,আসলে
achha,আচ্ছা
acha,আচ্ছা
accha,আচ্ছা
shathe,সাথে
sathe,সাথে
sth,সাথে
songe,সঙ্গে
shonge,সঙ্গে
jonno,জন্য
jnno,জন্য
jonne,জন্য
jne,জন্য
moto,মতো
mto,মতো
moton,মতন
pore,পরে
pre,পরে
por,পর
aage,আগে
age,আগে
ekhon,এখন
akhon,এখন
ekhn,এখন
ekn,এখন
aaj,আজ
aj,আজ
aajke,আজকে
ajke,আজকে
ajk,আজকে
kalke,কালকে
kalk,কালকে
kal,কাল
agami,আগামী
goto,গত
gto,গত
protidin,প্রতিদিন
shobshomoy,সবসময়
sobshomoy,সবসময়
sobsomoy,সবসময়
sbshomoy,সবসময়
majhe,মাঝে
bari,বাড়ি
basa,বাসা
ghor,ঘর
office,অফিস
ofis,অফিস
dokan,দোকান
bajar,বাজার
bazar,বাজার
desh,দেশ
deshe,দেশে
bidesh,বিদেশ
shohor,শহর
sohor,শহর
gram,গ্রাম
bangla,বাংলা
bangladesh,বাংলাদেশ
bd,বাংলাদেশ
dhaka,ঢাকা
dhk,ঢাকা
ctg,চট্টগ্রাম
chittagong,চট্টগ্রাম
boi,বই
khata,খাতা
kolom,কলম
taka,টাকা
poisa,পয়সা
somoy,সময়
shomoy,সময়
kaaj,কাজ
kaj,কাজ
pani,পানি
jol,জল
khabar,খাবার
khana,খাবার
cha,চা
bhat,ভাত
kotha,কথা
ktha,কথা
barta,বার্তা
mon,মন
chokh,চোখ
matha,মাথা
haat,হাত
hat,হাত
pa,পা
bal,বাল
ka,কা
kha,খা
khal,খাল
khali,খালি
eta,এটা
